{"n_estimators": 1310, "learning_rate": 0.0406563140301588, "max_depth": 4, "subsample": 0.9412679852681286, "min_samples_split": 6, "min_samples_leaf": 5, "max_features": "auto", "alpha": 1.0024351995054101e-08}